{
    "M11": {
        "Pearson": 0.9999999999865039
    },
    "M13": {
        "Pearson": 0.999999999987502
    },
    "M1": {
        "Pearson": 0.9999999999855277
    },
    "M14": {
        "Pearson": 0.9999999999888587
    },
    "M15": {
        "Pearson": 0.9999999999874325
    },
    "M12": {
        "Pearson": 0.9999999999867577
    },
    "M5": {
        "Pearson": 0.9999999999850306
    },
    "M17": {
        "Pearson": 0.9999999999888116
    },
    "M20": {
        "Pearson": 0.9999999999922781
    },
    "M23": {
        "Pearson": 0.9999999999887917
    },
    "M2": {
        "Pearson": 0.9999999999864292
    },
    "M0": {
        "Pearson": 0.9999999999844724
    },
    "M22": {
        "Pearson": 0.999999999988413
    },
    "M8": {
        "Pearson": 0.9999999999889434
    },
    "M10": {
        "Pearson": 0.999999999989213
    },
    "M9": {
        "Pearson": 0.9999999999878878
    }
}