{
    "M11": {
        "info_diff": -0.003171486938607281
    },
    "M13": {
        "info_diff": -0.003117154512820645
    },
    "M1": {
        "info_diff": -0.0031185740207874692
    },
    "M14": {
        "info_diff": -0.003162301482669735
    },
    "M15": {
        "info_diff": -0.0032297638078084565
    },
    "M12": {
        "info_diff": -0.0032217592287917974
    },
    "M5": {
        "info_diff": -0.00298420273515337
    },
    "M17": {
        "info_diff": -0.0031289012454714265
    },
    "M20": {
        "info_diff": -0.0023537647015765277
    },
    "M23": {
        "info_diff": -0.0030899744428979042
    },
    "M2": {
        "info_diff": -0.0030551786819502506
    },
    "M0": {
        "info_diff": -0.003083981613781923
    },
    "M22": {
        "info_diff": -0.0033431967164974426
    },
    "M8": {
        "info_diff": -0.0031786831137584092
    },
    "M10": {
        "info_diff": -0.003171649587186578
    },
    "M9": {
        "info_diff": -0.0033481453572867283
    }
}