{
    "M11": {
        "PearsonF": 0.8462098776376459
    },
    "M13": {
        "PearsonF": 0.8606896917230418
    },
    "M1": {
        "PearsonF": 0.8146484911613723
    },
    "M14": {
        "PearsonF": 0.8810901900222793
    },
    "M15": {
        "PearsonF": 0.8626683009240551
    },
    "M12": {
        "PearsonF": 0.8561702013081975
    },
    "M5": {
        "PearsonF": 0.8051900065665325
    },
    "M17": {
        "PearsonF": 0.8779864319644963
    },
    "M20": {
        "PearsonF": 0.9017611115500307
    },
    "M23": {
        "PearsonF": 0.8762336390469335
    },
    "M2": {
        "PearsonF": 0.8350124942277691
    },
    "M0": {
        "PearsonF": 0.8031056114176891
    },
    "M22": {
        "PearsonF": 0.887640464886599
    },
    "M8": {
        "PearsonF": 0.871924361286742
    },
    "M10": {
        "PearsonF": 0.8869086332041469
    },
    "M9": {
        "PearsonF": 0.8613256566248356
    }
}