{
    "M11": {
        "info_diff": -0.0032051000945738195
    },
    "M13": {
        "info_diff": -0.0031552963075332976
    },
    "M1": {
        "info_diff": -0.003171145230124076
    },
    "M14": {
        "info_diff": -0.0031909496953356864
    },
    "M15": {
        "info_diff": -0.0032758164778145396
    },
    "M12": {
        "info_diff": -0.0032402365460105407
    },
    "M5": {
        "info_diff": -0.0030574937162263713
    },
    "M17": {
        "info_diff": -0.00315623522141241
    },
    "M20": {
        "info_diff": -0.0024056154635941195
    },
    "M23": {
        "info_diff": -0.003120615621032112
    },
    "M2": {
        "info_diff": -0.0030797649370580796
    },
    "M0": {
        "info_diff": -0.00311026512305582
    },
    "M22": {
        "info_diff": -0.003401704494742775
    },
    "M8": {
        "info_diff": -0.003228099381291171
    },
    "M10": {
        "info_diff": -0.003176495030529268
    },
    "M9": {
        "info_diff": -0.0033436321142443224
    }
}