{
    "M11": {
        "coherence": 2.28,
        "consistency": 3.27,
        "fluency": 3.65,
        "relevance": 3.1466666666666665
    },
    "M13": {
        "coherence": 3.4433333333333334,
        "consistency": 4.82,
        "fluency": 4.8566666666666665,
        "relevance": 3.8333333333333335
    },
    "M1": {
        "coherence": 3.22,
        "consistency": 4.98,
        "fluency": 4.8966666666666665,
        "relevance": 3.816666666666667
    },
    "M14": {
        "coherence": 3.1966666666666668,
        "consistency": 4.8966666666666665,
        "fluency": 4.743333333333333,
        "relevance": 3.6333333333333333
    },
    "M15": {
        "coherence": 3.3466666666666667,
        "consistency": 4.9366666666666665,
        "fluency": 4.803333333333334,
        "relevance": 3.6733333333333333
    },
    "M12": {
        "coherence": 3.5966666666666667,
        "consistency": 4.96,
        "fluency": 4.846666666666667,
        "relevance": 3.8466666666666667
    },
    "M5": {
        "coherence": 3.71,
        "consistency": 4.973333333333334,
        "fluency": 4.806666666666667,
        "relevance": 4.056666666666667
    },
    "M17": {
        "coherence": 3.9966666666666666,
        "consistency": 4.926666666666667,
        "fluency": 4.933333333333334,
        "relevance": 4.23
    },
    "M20": {
        "coherence": 3.6333333333333333,
        "consistency": 3.3966666666666665,
        "fluency": 3.97,
        "relevance": 3.296666666666667
    },
    "M23": {
        "coherence": 4.163333333333333,
        "consistency": 4.91,
        "fluency": 4.88,
        "relevance": 4.26
    },
    "M2": {
        "coherence": 3.276666666666667,
        "consistency": 4.99,
        "fluency": 4.83,
        "relevance": 3.81
    },
    "M0": {
        "coherence": 4.156666666666666,
        "consistency": 4.983333333333333,
        "fluency": 4.9366666666666665,
        "relevance": 4.136666666666667
    },
    "M22": {
        "coherence": 4.18,
        "consistency": 4.943333333333333,
        "fluency": 4.8966666666666665,
        "relevance": 4.25
    },
    "M8": {
        "coherence": 3.29,
        "consistency": 4.653333333333333,
        "fluency": 4.793333333333333,
        "relevance": 3.546666666666667
    },
    "M10": {
        "coherence": 2.7266666666666666,
        "consistency": 4.253333333333333,
        "fluency": 4.423333333333333,
        "relevance": 3.3766666666666665
    },
    "M9": {
        "coherence": 2.3833333333333333,
        "consistency": 4.673333333333333,
        "fluency": 4.5,
        "relevance": 3.52
    }
}