{
    "M11": {
        "info_diff": -0.003182732111381483
    },
    "M13": {
        "info_diff": -0.0031751845197482
    },
    "M1": {
        "info_diff": -0.0031234081702564255
    },
    "M14": {
        "info_diff": -0.0032738989209428835
    },
    "M15": {
        "info_diff": -0.003266348120821476
    },
    "M12": {
        "info_diff": -0.003264869223824007
    },
    "M5": {
        "info_diff": -0.0030379385965147777
    },
    "M17": {
        "info_diff": -0.003226201321742792
    },
    "M20": {
        "info_diff": -0.0023423613855743496
    },
    "M23": {
        "info_diff": -0.003166870836846556
    },
    "M2": {
        "info_diff": -0.003088271044020985
    },
    "M0": {
        "info_diff": -0.003137329187368323
    },
    "M22": {
        "info_diff": -0.0034053895382476183
    },
    "M8": {
        "info_diff": -0.0032093534818272928
    },
    "M10": {
        "info_diff": -0.0032031992622660256
    },
    "M9": {
        "info_diff": -0.0034067384100512754
    }
}