{
    "M11": {
        "info_diff": 0.0019283153396008857
    },
    "M13": {
        "info_diff": 0.001892033440240084
    },
    "M1": {
        "info_diff": 0.0019172604764935387
    },
    "M14": {
        "info_diff": 0.001960653612829901
    },
    "M15": {
        "info_diff": 0.0019427484178913801
    },
    "M12": {
        "info_diff": 0.0019474977193772247
    },
    "M5": {
        "info_diff": 0.0018353574270440732
    },
    "M17": {
        "info_diff": 0.0019173535702429944
    },
    "M20": {
        "info_diff": 0.0013952130088478044
    },
    "M23": {
        "info_diff": 0.0018964195894909607
    },
    "M2": {
        "info_diff": 0.0018868694390084784
    },
    "M0": {
        "info_diff": 0.0019832761378984287
    },
    "M22": {
        "info_diff": 0.002017153056897314
    },
    "M8": {
        "info_diff": 0.0019343731131039022
    },
    "M10": {
        "info_diff": 0.0019149082032367914
    },
    "M9": {
        "info_diff": 0.00204253286470248
    }
}